{"cameraMode":{"drawMode":0,"name":"Shaded","section":"Shading Mode"},"sceneLighting":true,"audioPlay":false,"sceneViewState":{"m_AlwaysRefresh":false,"showFog":true,"showSkybox":true,"showFlares":true,"showImageEffects":true,"showParticleSystems":true,"showVisualEffectGraphs":true,"m_FxEnabled":true},"in2DMode":false,"pivot":{"x":-8.868809700012207,"y":10.285277366638184,"z":-18.843059539794923},"rotation":{"x":-0.11629179120063782,"y":-0.37018856406211855,"z":0.04691458120942116,"w":-0.920619547367096},"size":2.1621756553649904,"orthographic":false}